NombreProducto19;0
NombreProducto18;0
NombreProducto2;0
NombreProducto1;0
NombreProducto4;0
NombreProducto3;0
NombreProducto6;0
NombreProducto5;0
NombreProducto8;0
NombreProducto7;0
NombreProducto9;0
NombreProducto30;0
NombreProducto11;0
NombreProducto10;0
NombreProducto13;0
NombreProducto12;0
NombreProducto15;0
NombreProducto14;0
NombreProducto17;0
NombreProducto16;0
NombreProducto29;0
NombreProducto20;0
NombreProducto22;0
NombreProducto21;0
NombreProducto24;0
NombreProducto23;0
NombreProducto26;0
NombreProducto25;0
NombreProducto28;0
NombreProducto27;0
