TipoDocumento1;Documento1;NombresVendedor1;ApellidosVendedor1
TipoDocumento2;Documento2;NombresVendedor2;ApellidosVendedor2
TipoDocumento3;Documento3;NombresVendedor3;ApellidosVendedor3
TipoDocumento4;Documento4;NombresVendedor4;ApellidosVendedor4
TipoDocumento5;Documento5;NombresVendedor5;ApellidosVendedor5
TipoDocumento6;Documento6;NombresVendedor6;ApellidosVendedor6
TipoDocumento7;Documento7;NombresVendedor7;ApellidosVendedor7
TipoDocumento8;Documento8;NombresVendedor8;ApellidosVendedor8
TipoDocumento9;Documento9;NombresVendedor9;ApellidosVendedor9
TipoDocumento10;Documento10;NombresVendedor10;ApellidosVendedor10
TipoDocumento11;Documento11;NombresVendedor11;ApellidosVendedor11
TipoDocumento12;Documento12;NombresVendedor12;ApellidosVendedor12
TipoDocumento13;Documento13;NombresVendedor13;ApellidosVendedor13
TipoDocumento14;Documento14;NombresVendedor14;ApellidosVendedor14
TipoDocumento15;Documento15;NombresVendedor15;ApellidosVendedor15
TipoDocumento16;Documento16;NombresVendedor16;ApellidosVendedor16
TipoDocumento17;Documento17;NombresVendedor17;ApellidosVendedor17
TipoDocumento18;Documento18;NombresVendedor18;ApellidosVendedor18
TipoDocumento19;Documento19;NombresVendedor19;ApellidosVendedor19
TipoDocumento20;Documento20;NombresVendedor20;ApellidosVendedor20
TipoDocumento21;Documento21;NombresVendedor21;ApellidosVendedor21
TipoDocumento22;Documento22;NombresVendedor22;ApellidosVendedor22
TipoDocumento23;Documento23;NombresVendedor23;ApellidosVendedor23
TipoDocumento24;Documento24;NombresVendedor24;ApellidosVendedor24
TipoDocumento25;Documento25;NombresVendedor25;ApellidosVendedor25
TipoDocumento26;Documento26;NombresVendedor26;ApellidosVendedor26
TipoDocumento27;Documento27;NombresVendedor27;ApellidosVendedor27
TipoDocumento28;Documento28;NombresVendedor28;ApellidosVendedor28
TipoDocumento29;Documento29;NombresVendedor29;ApellidosVendedor29
TipoDocumento30;Documento30;NombresVendedor30;ApellidosVendedor30
